{
  "local": {
    "historico_fitness": [
      0.020360384468209786,
      0.020360384468209786,
      0.020360384468209786,
      0.020360384468209786,
      0.020360384468209786,
      0.020360384468209786,
      0.020360384468209786,
      0.020360384468209786,
      0.020360384468209786,
      0.020360384468209786,
      0.020360384468209786
    ],
    "historico_distancia": [
      49.11498609279093,
      49.11498609279093,
      49.11498609279093,
      49.11498609279093,
      49.11498609279093,
      49.11498609279093,
      49.11498609279093,
      49.11498609279093,
      49.11498609279093,
      49.11498609279093,
      49.11498609279093
    ],
    "historico_tempo": [
      8.479913599789143,
      16.7833468997851,
      25.408117599785328,
      32.62810009997338,
      39.851370399817824,
      47.9634672999382,
      56.05495859961957,
      63.72174119995907,
      73.50867019966245,
      80.79298659972847,
      90.14980719983578
    ],
    "melhor_rota": [
      "T",
      "I",
      "R",
      "K",
      "D",
      "M",
      "G",
      "O",
      "C",
      "S",
      "A",
      "Q",
      "J",
      "B",
      "H",
      "F",
      "N",
      "L",
      "E",
      "P"
    ],
    "melhor_distancia": 49.11498609279093,
    "melhor_fitness": 0.020360384468209786,
    "tempo_total": 90.16949089989066,
    "ciclos": 11,
    "geracoes": 550
  },
  "distribuido": {
    "historico_fitness": [
      0.02016652628148557,
      0.020360384468209786,
      0.020360384468209786,
      0.020360384468209786,
      0.020360384468209786,
      0.020360384468209786,
      0.020360384468209786,
      0.020360384468209786,
      0.020360384468209786,
      0.020360384468209786,
      0.020360384468209786
    ],
    "historico_distancia": [
      49.58712204779051,
      49.11498609279093,
      49.11498609279093,
      49.11498609279093,
      49.11498609279093,
      49.11498609279093,
      49.11498609279093,
      49.11498609279093,
      49.11498609279093,
      49.11498609279093,
      49.11498609279093
    ],
    "historico_tempo": [
      8.637022199574858,
      21.043766199611127,
      31.66161509975791,
      41.585761999711394,
      51.395157099701464,
      59.898224299773574,
      67.36165969958529,
      74.92896319972351,
      82.51622239965945,
      89.99054019991308,
      97.08287609973922
    ],
    "historico_tempo_seq": [
      42.86768550053239,
      104.62441900046542,
      157.35151750035584,
      206.6928824991919,
      255.3994769998826,
      297.6881975005381,
      334.72408950095996,
      372.2222000011243,
      409.88572200061753,
      446.9780525006354,
      482.2782685002312
    ],
    "melhor_rota": [
      "E",
      "P",
      "T",
      "I",
      "R",
      "K",
      "D",
      "M",
      "G",
      "O",
      "C",
      "S",
      "A",
      "Q",
      "J",
      "B",
      "H",
      "F",
      "N",
      "L"
    ],
    "melhor_distancia": 49.11498609279093,
    "melhor_fitness": 0.020360384468209786,
    "tempo_total": 97.09362679999322,
    "ciclos": 11,
    "geracoes": 550
  }
}