{
  "local": {
    "historico_fitness": [
      0.0012127650051044347,
      0.001410292654942411,
      0.0014156523725606675,
      0.0014156523725606675,
      0.0014156523725606675,
      0.0014156523725606675,
      0.0014156523725606675,
      0.0014156523725606675,
      0.0014156523725606675,
      0.0014156523725606675,
      0.0014156523725606675,
      0.0014156523725606675,
      0.0014156523725606675
    ],
    "historico_distancia": [
      824.5620510082966,
      709.0726853717002,
      706.388107266175,
      706.388107266175,
      706.388107266175,
      706.388107266175,
      706.388107266175,
      706.388107266175,
      706.388107266175,
      706.388107266175,
      706.388107266175,
      706.388107266175,
      706.388107266175
    ],
    "historico_tempo": [
      54.68434139993042,
      103.962108399719,
      146.86440089996904,
      189.2663575997576,
      229.9390504998155,
      270.8263158998452,
      321.4981546998024,
      360.51404300006106,
      398.9434606996365,
      445.47224859986454,
      491.23882179986686,
      532.0798391997814,
      579.8896903996356
    ],
    "melhor_rota": [
      "L",
      "N",
      "F",
      "H",
      "B",
      "P",
      "E",
      "I",
      "T",
      "K",
      "V",
      "G",
      "O",
      "C",
      "S",
      "A",
      "Q",
      "J",
      "M",
      "D",
      "R",
      "U",
      "X",
      "Z",
      "W",
      "Y",
      "AJ",
      "AB",
      "AS",
      "AV",
      "AY",
      "BD",
      "AM",
      "AA",
      "BC",
      "AE",
      "AH",
      "AN",
      "AF",
      "AZ",
      "BE",
      "AO",
      "AX",
      "AR",
      "BH",
      "AI",
      "AW",
      "AU",
      "AC",
      "BF",
      "AK",
      "AT",
      "BB",
      "AL",
      "AQ",
      "BG",
      "AD",
      "AG",
      "BA",
      "AP"
    ],
    "melhor_distancia": 706.388107266175,
    "melhor_fitness": 0.0014156523725606675,
    "tempo_total": 579.9355525998399,
    "ciclos": 13,
    "geracoes": 1300
  },
  "distribuido": {
    "historico_fitness": [
      0.0011233380971555364,
      0.001361604109248371,
      0.0014676656914146032,
      0.0014983824271640445,
      0.0014983824271640445,
      0.0014983824271640445,
      0.0014983824271640445,
      0.0014983824271640445,
      0.0014983824271640445,
      0.0014983824271640445,
      0.0014983824271640445,
      0.0014983824271640445,
      0.0014983824271640445,
      0.0014983824271640445
    ],
    "historico_distancia": [
      890.2039399644264,
      734.4278657854649,
      681.3540752841026,
      667.3863640357008,
      667.3863640357008,
      667.3863640357008,
      667.3863640357008,
      667.3863640357008,
      667.3863640357008,
      667.3863640357008,
      667.3863640357008,
      667.3863640357008,
      667.3863640357008,
      667.3863640357008
    ],
    "historico_tempo": [
      39.55708510009572,
      85.90871680015698,
      135.57297290023416,
      192.11303590005264,
      232.1919937999919,
      273.9306165999733,
      323.9248347999528,
      365.456808200106,
      403.35736950021237,
      450.6963631003164,
      496.64372730022296,
      540.8268945002928,
      584.1483423002064,
      630.9100583000109
    ],
    "historico_tempo_seq": [
      197.033462501131,
      426.25922550214455,
      673.4235560032539,
      955.3902230039239,
      1155.0116820028052,
      1363.0585155030712,
      1612.300021504052,
      1819.2193060042337,
      2008.0457775038667,
      2243.477883003652,
      2472.499036504887,
      2692.663418503944,
      2908.4576055034995,
      3141.4162045018747
    ],
    "melhor_rota": [
      "AW",
      "AI",
      "BH",
      "AR",
      "AX",
      "AO",
      "BE",
      "AZ",
      "AF",
      "AN",
      "AH",
      "AE",
      "BC",
      "AA",
      "AS",
      "AV",
      "AB",
      "AJ",
      "Y",
      "V",
      "G",
      "O",
      "C",
      "S",
      "A",
      "Q",
      "J",
      "B",
      "H",
      "F",
      "N",
      "L",
      "I",
      "R",
      "T",
      "E",
      "P",
      "M",
      "D",
      "K",
      "W",
      "U",
      "Z",
      "X",
      "AY",
      "BD",
      "AP",
      "BA",
      "AG",
      "AD",
      "AQ",
      "BG",
      "AM",
      "AC",
      "AU",
      "BF",
      "AL",
      "BB",
      "AT",
      "AK"
    ],
    "melhor_distancia": 667.3863640357008,
    "melhor_fitness": 0.0014983824271640445,
    "tempo_total": 630.9567893999629,
    "ciclos": 14,
    "geracoes": 1400
  }
}