{
  "local": {
    "historico_fitness": [
      0.0012127650051044347,
      0.001410292654942411,
      0.0014156523725606675,
      0.0014156523725606675,
      0.0014156523725606675,
      0.0014156523725606675,
      0.0014156523725606675,
      0.0014156523725606675
    ],
    "historico_distancia": [
      824.5620510082966,
      709.0726853717002,
      706.388107266175,
      706.388107266175,
      706.388107266175,
      706.388107266175,
      706.388107266175,
      706.388107266175
    ],
    "historico_tempo": [
      46.118560399860144,
      89.00025959964842,
      130.0140435998328,
      172.89304539980367,
      216.54069639975205,
      259.55041359970346,
      310.4126597000286,
      359.7967388997786
    ],
    "melhor_rota": [
      "L",
      "N",
      "F",
      "H",
      "B",
      "P",
      "E",
      "I",
      "T",
      "K",
      "V",
      "G",
      "O",
      "C",
      "S",
      "A",
      "Q",
      "J",
      "M",
      "D",
      "R",
      "U",
      "X",
      "Z",
      "W",
      "Y",
      "AJ",
      "AB",
      "AS",
      "AV",
      "AY",
      "BD",
      "AM",
      "AA",
      "BC",
      "AE",
      "AH",
      "AN",
      "AF",
      "AZ",
      "BE",
      "AO",
      "AX",
      "AR",
      "BH",
      "AI",
      "AW",
      "AU",
      "AC",
      "BF",
      "AK",
      "AT",
      "BB",
      "AL",
      "AQ",
      "BG",
      "AD",
      "AG",
      "BA",
      "AP"
    ],
    "melhor_distancia": 706.388107266175,
    "melhor_fitness": 0.0014156523725606675,
    "tempo_total": 359.85872309980914,
    "ciclos": 8,
    "geracoes": 800
  },
  "distribuido": {
    "historico_fitness": [
      0.0010509802638939791,
      0.0012791118372233925,
      0.00138573334288023,
      0.0014493047914811857,
      0.0014545660147239866,
      0.0014545660147239866,
      0.0014545660147239866,
      0.0014545660147239866,
      0.0014545660147239866,
      0.0014545660147239866
    ],
    "historico_distancia": [
      951.4926534347159,
      781.7924679445786,
      721.639560120212,
      689.9859890603153,
      687.4902822404774,
      687.4902822404774,
      687.4902822404774,
      687.4902822404774,
      687.4902822404774,
      687.4902822404774
    ],
    "historico_tempo": [
      12.667004900053144,
      24.331706600263715,
      35.99470870010555,
      47.44113270007074,
      58.99348530033603,
      70.64810310024768,
      82.30579520016909,
      93.56605950044468,
      105.5891382000409,
      116.92951050028205
    ],
    "melhor_rota": [
      "AM",
      "AY",
      "X",
      "Z",
      "U",
      "I",
      "M",
      "J",
      "B",
      "H",
      "F",
      "N",
      "L",
      "E",
      "P",
      "T",
      "R",
      "K",
      "D",
      "Q",
      "A",
      "S",
      "C",
      "O",
      "G",
      "V",
      "W",
      "Y",
      "AH",
      "AF",
      "AN",
      "AX",
      "AO",
      "BE",
      "AZ",
      "AJ",
      "AB",
      "AV",
      "AS",
      "AA",
      "BC",
      "AE",
      "AC",
      "AU",
      "BF",
      "AT",
      "BB",
      "AK",
      "BH",
      "AR",
      "AI",
      "AW",
      "AL",
      "AQ",
      "BG",
      "AD",
      "AG",
      "BA",
      "AP",
      "BD"
    ],
    "melhor_distancia": 687.4902822404774,
    "melhor_fitness": 0.0014545660147239866,
    "tempo_total": 116.9770175004378,
    "ciclos": 10,
    "geracoes": 1000
  }
}