{
  "local": {
    "historico_fitness": [
      0.0012127650051044347,
      0.001410292654942411,
      0.0014156523725606675,
      0.0014156523725606675,
      0.0014156523725606675,
      0.0014156523725606675,
      0.0014156523725606675,
      0.0014156523725606675
    ],
    "historico_distancia": [
      824.5620510082966,
      709.0726853717002,
      706.388107266175,
      706.388107266175,
      706.388107266175,
      706.388107266175,
      706.388107266175,
      706.388107266175
    ],
    "historico_tempo": [
      44.82669600006193,
      86.71501059969887,
      128.52851750003174,
      169.41994869988412,
      210.0013925000094,
      249.36521169962361,
      287.79774650000036,
      329.07658169977367
    ],
    "melhor_rota": [
      "L",
      "N",
      "F",
      "H",
      "B",
      "P",
      "E",
      "I",
      "T",
      "K",
      "V",
      "G",
      "O",
      "C",
      "S",
      "A",
      "Q",
      "J",
      "M",
      "D",
      "R",
      "U",
      "X",
      "Z",
      "W",
      "Y",
      "AJ",
      "AB",
      "AS",
      "AV",
      "AY",
      "BD",
      "AM",
      "AA",
      "BC",
      "AE",
      "AH",
      "AN",
      "AF",
      "AZ",
      "BE",
      "AO",
      "AX",
      "AR",
      "BH",
      "AI",
      "AW",
      "AU",
      "AC",
      "BF",
      "AK",
      "AT",
      "BB",
      "AL",
      "AQ",
      "BG",
      "AD",
      "AG",
      "BA",
      "AP"
    ],
    "melhor_distancia": 706.388107266175,
    "melhor_fitness": 0.0014156523725606675,
    "tempo_total": 329.1355832996778,
    "ciclos": 8,
    "geracoes": 800
  },
  "distribuido": {
    "historico_fitness": [
      0.0010414441453120333,
      0.0011887774064719768,
      0.0012828389269320067,
      0.001331339209808437,
      0.0013750959016501,
      0.0013795653143797864,
      0.001409727885135479,
      0.0014243782663811854,
      0.0014243782663811854,
      0.0014243782663811854,
      0.0014243782663811854,
      0.0014243782663811854,
      0.0014243782663811854
    ],
    "historico_distancia": [
      960.2051194981599,
      841.2003749026275,
      779.5210910784922,
      751.1233745935323,
      727.222005970646,
      724.866006398234,
      709.3567563955062,
      702.0606980620587,
      702.0606980620587,
      702.0606980620587,
      702.0606980620587,
      702.0606980620587,
      702.0606980620587
    ],
    "historico_tempo": [
      38.74926609965041,
      85.58220790000632,
      133.4033665000461,
      180.01655099960044,
      219.9060247996822,
      266.23467699997127,
      314.9004881000146,
      359.43301579961553,
      400.1600180999376,
      440.5860790000297,
      481.6845252998173,
      522.1139395995997,
      561.6828177999705
    ],
    "historico_tempo_seq": [
      193.09520999900997,
      426.4901389996521,
      664.6784314978868,
      897.067747998517,
      1095.7435499993153,
      1326.6285980003886,
      1569.2376095009968,
      1791.1403515026905,
      1993.9473270019516,
      2195.4607620020397,
      2400.1139910006896,
      2601.5373440016992,
      2798.6059140018187
    ],
    "melhor_rota": [
      "X",
      "Z",
      "U",
      "M",
      "J",
      "Q",
      "A",
      "S",
      "C",
      "O",
      "G",
      "D",
      "T",
      "E",
      "L",
      "N",
      "F",
      "H",
      "B",
      "P",
      "I",
      "R",
      "K",
      "V",
      "W",
      "Y",
      "AB",
      "AJ",
      "AZ",
      "AF",
      "AH",
      "AE",
      "BC",
      "AS",
      "AV",
      "AA",
      "AM",
      "AP",
      "BG",
      "AC",
      "AU",
      "BF",
      "AW",
      "BH",
      "AR",
      "AX",
      "AO",
      "BE",
      "AN",
      "AI",
      "AK",
      "AT",
      "BB",
      "AL",
      "AQ",
      "AD",
      "AG",
      "BA",
      "BD",
      "AY"
    ],
    "melhor_distancia": 702.0606980620587,
    "melhor_fitness": 0.0014243782663811854,
    "tempo_total": 561.7280253996141,
    "ciclos": 13,
    "geracoes": 1300
  }
}